{
    "EDJbREhghzL": [
        0.1033330038189888,
        3.303333044052124
    ],
    "pa4otMbVnkk": [
        -2.9703760147094727,
        0.029623985290527344,
        4.229623794555664,
        7.629624366760254
    ],
    "VFuaQ6m2Qom": [
        -0.3421809673309326,
        0.05781888961791992,
        4.45781946182251
    ],
    "17DRP5sb8fy": [
        0.07244700193405151
    ],
    "1LXtFkjw3qL": [
        -2.915588855743408,
        -2.31558895111084,
        0.0844111442565918
    ],
    "1pXnuDYAj8r": [
        0.11414599418640137,
        3.514145851135254
    ],
    "29hnd4uzFmX": [
        -0.2089579850435257,
        2.7910420894622803
    ],
    "2azQ1b91cZZ": [
        0.12711000442504883,
        3.5271100997924805
    ],
    "2n8kARJN3HM": [
        -3.468761920928955,
        0.13123798370361328
    ],
    "2t7WUuJeko7": [
        0.16325300931930542
    ],
    "5LpN3gDmAk7": [
        -1.0843499898910522,
        3.115649938583374
    ],
    "5q7pvUzZiYa": [
        -3.3965749740600586,
        0.003425121307373047,
        3.203425407409668
    ],
    "5ZKStnWn8Zo": [
        -2.8791089057922363,
        0.12089109420776367
    ],
    "759xd9YjKW5": [
        0.09666500240564346,
        3.2966651916503906
    ],
    "7y3sRwLe3Va": [
        -2.6481590270996094,
        0.1518409252166748,
        3.151840925216675
    ],
    "8194nk5LbLH": [
        0.0985960066318512,
        2.8985960483551025
    ],
    "82sE5b5pLXE": [
        0.13779401779174805,
        0.33779406547546387
    ],
    "8WUmhLawc2A": [
        0.10065700113773346
    ],
    "aayBHfsNo7d": [
        0.028255999088287354,
        3.628255844116211
    ],
    "ac26ZMwG7aT": [
        0.13922199606895447
    ],
    "ARNzJeq3xxb": [
        -0.5425979495048523
    ],
    "B6ByNegPMKs": [
        0.08020400255918503
    ],
    "b8cTxDM8gDG": [
        -3.546725034713745,
        -2.9467251300811768,
        0.453275203704834
    ],
    "cV4RVeZvu5T": [
        0.9184679985046387,
        3.3184680938720703
    ],
    "D7G3Y4RVNrH": [
        0.04071307182312012,
        0.8407130241394043,
        2.4407129287719727
    ],
    "D7N2EKCX4Sj": [
        -3.192077875137329,
        0.007922172546386719,
        3.0079219341278076
    ],
    "dhjEzFoUFzH": [
        -0.15115001797676086
    ],
    "E9uDoFAP3SH": [
        -5.955618858337402,
        0.24438095092773438
    ],
    "e9zR4mvMWw7": [
        -0.7133059501647949,
        0.08669400215148926,
        2.8866939544677734
    ],
    "pLe4wQe7qrG": [
        0.07521799951791763
    ],
    "Pm6F8kyY3z2": [
        -0.5108799934387207,
        0.08912014961242676
    ],
    "pRbA3pwrgk9": [
        -2.566195011138916,
        -0.7661948204040527,
        0.033804893493652344,
        2.8338050842285156,
        6.833805084228516
    ],
    "PuKPg4mmafe": [
        0.1839660406112671
    ],
    "PX4nDJXEHrG": [
        -0.6844539642333984,
        0.11554622650146484,
        3.115546703338623
    ],
    "q9vSo1VnCiC": [
        0.08012400567531586
    ],
    "qoiz87JEwZ2": [
        -3.0999951362609863,
        0.3000051975250244
    ],
    "QUCTc6BB5sX": [
        -3.245194911956787,
        0.15480518341064453
    ],
    "r1Q1Z4BcV1o": [
        0.07537198066711426
    ],
    "r47D5H71a5s": [
        0.09863299131393433
    ],
    "rPc6DW4iMge": [
        -3.240571975708008,
        0.15942811965942383,
        3.3594281673431396
    ],
    "RPmz2sHmrrY": [
        0.1626340001821518
    ],
    "rqfALeAoiTq": [
        -3.169326066970825,
        2.830674171447754,
        5.630673885345459,
        5.830673694610596
    ],
    "s8pcmisQ38h": [
        -3.1616740226745605,
        0.03832602500915527,
        3.0383260250091553
    ],
    "S9hNv5qa7GM": [
        0.11627800017595291,
        2.9162778854370117
    ],
    "sKLMLpTHeUy": [
        -2.8503408432006836,
        0.1496591567993164,
        2.9496591091156006
    ],
    "SN83YJsR3w2": [
        -3.508549928665161,
        0.09144997596740723,
        3.8914499282836914
    ],
    "sT4fr6TAbpF": [
        0.05631500482559204
    ],
    "TbHJrupSAjP": [
        -2.5755999088287354,
        0.024399995803833008,
        3.6244001388549805
    ],
    "ULsKaCPVFJR": [
        0.08356200158596039,
        2.8835620880126953
    ],
    "uNb9QFRL6hY": [
        0.1615450382232666,
        2.1615450382232666
    ],
    "ur6pFq6Qu1A": [
        0.12697899341583252
    ],
    "UwV83HsGsw3": [
        0.1905289888381958,
        1.3905290365219116
    ],
    "Uxmj2M2itWa": [
        0.005729019641876221
    ],
    "V2XKFyX4ASd": [
        -2.8969039916992188,
        0.10309600830078125,
        2.9030959606170654,
        5.9030961990356445
    ],
    "VLzqgDo317F": [
        -2.961726188659668,
        3.238274097442627
    ],
    "Vt2qJdWjCF2": [
        0.10155200213193893
    ],
    "VVfe2KiqLaN": [
        0.15230600535869598,
        3.3523061275482178
    ],
    "Vvot9Ly1tCj": [
        0.04283595085144043
    ],
    "vyrNrziPKCB": [
        -0.0014309883117675781,
        3.598568916320801
    ],
    "VzqfbhrpDEA": [
        0.09100902080535889,
        3.491008996963501
    ],
    "wc2JMjhGNzB": [
        -0.001953125,
        0.19804716110229492,
        3.5980467796325684
    ],
    "WYY7iVyf5p8": [
        -2.474246025085449,
        0.12575387954711914,
        2.9257538318634033,
        5.725754737854004
    ],
    "X7HyMhZNoso": [
        -0.535740852355957,
        3.2642593383789062
    ],
    "x8F5xyUWy9e": [
        0.04610800743103027
    ],
    "XcA2TqTSSAj": [
        -4.945554256439209,
        -2.5455539226531982,
        -2.1455540657043457,
        0.05444622039794922,
        2.054446220397949,
        3.254446506500244
    ],
    "YFuZgdQ5vWj": [
        -3.0083818435668945,
        0.1916182041168213
    ],
    "YmJkqBEsHnH": [
        0.23033905029296875
    ],
    "yqstnuAEVhm": [
        -2.1279549598693848,
        0.07204508781433105,
        3.072045087814331,
        6.07204532623291
    ],
    "YVUC4YcDtcY": [
        0.13967500627040863
    ],
    "Z6MFQCViBuw": [
        0.00952601432800293,
        0.20952606201171875
    ],
    "ZMojNkEp431": [
        -0.7064279913902283,
        0.09357202053070068,
        0.8935720920562744
    ],
    "zsNo4HB9uLZ": [
        0.17162801325321198
    ],
    "EU6Fwq7SyZv": [
        -2.381938934326172,
        0.018061161041259766,
        3.6180613040924072
    ],
    "fzynW3qQPVF": [
        -4.327568054199219,
        0.07243204116821289
    ],
    "GdvgFV5R1Z5": [
        0.16666600108146667
    ],
    "gTV8FGcVJC9": [
        -1.943356990814209,
        -1.3433570861816406,
        2.2566428184509277,
        3.456643581390381
    ],
    "gxdoqLR6rwA": [
        0.16487997770309448,
        1.1648800373077393
    ],
    "gYvKGZ5eRqb": [
        0.17279300093650818
    ],
    "gZ6f7yhEvPG": [
        0.18065400421619415
    ],
    "HxpKQynjfin": [
        0.009824991226196289
    ],
    "i5noydFURQK": [
        -3.213176965713501,
        0.18682312965393066
    ],
    "JeFG25nYj2p": [
        0.09358400106430054
    ],
    "JF19kD82Mey": [
        0.11890208721160889,
        3.318902015686035
    ],
    "jh4fc5c5qoQ": [
        0.005573004484176636
    ],
    "JmbYfDe2QKZ": [
        0.07484699785709381,
        2.674846887588501
    ],
    "jtcxE69GiFV": [
        0.16902101039886475,
        3.369020938873291
    ],
    "kEZ7cmS4wCh": [
        -0.3136729598045349,
        3.886327028274536,
        6.68632698059082
    ],
    "mJXqzFtmKg4": [
        0.003321051597595215
    ],
    "oLBMNvg9in8": [
        -2.1900038719177246,
        0.009996175765991211,
        3.009996175765991,
        6.00999641418457
    ],
    "p5wJjkQkbXX": [
        0.011268138885498047,
        0.21126818656921387
    ]
}